href,titulo,preco,quartos,metragem,vagas
https://www.dfimoveis.com.br/imovel/lancamento-residencial-valentina-lamas--1311188,"QS 402 Conjunto M SAMAMBAIA NORTE, SAMAMBAIA",480.000,,60 m²,
https://www.dfimoveis.com.br/imovel/apartamento-2-quartos-venda-samambaia-norte-samambaia-df-qi-416-conjunto-2-1408006,IMÓVEL SEGURO,385.000,2 Quartos,57 m²,1 Vaga
https://www.dfimoveis.com.br/imovel/apartamento-2-quartos-venda-samambaia-sul-samambaia-df-qs-501-conjunto-3-1012429,* IMÓVEL SEGURO 05/03/2026,288.000,2 Quartos,47 m²,1 Vaga
https://www.dfimoveis.com.br/imovel/apartamento-2-quartos-venda-samambaia-norte-samambaia-df-qi-416-1201735,"ASSINADO GUILHERME TAKEDA, DO ESCRITÓRIO TAKEDA DESIGN, E IAGO FERNANDO,",375.000,2 Quartos,52 m²,1 Vaga
https://www.dfimoveis.com.br/imovel/lancamento-up-trend-residencial-1002510,"Quadra 102 SAMAMBAIA SUL, SAMAMBAIA",A partir de 239.000,,31 a 38 m²,
https://www.dfimoveis.com.br/imovel/apartamento-2-quartos-venda-samambaia-sul-samambaia-df-qn-307-1401900,IMÓVEL ASSINADO,289.000,2 Quartos,48 m²,2 Vagas
https://www.dfimoveis.com.br/imovel/apartamento-1-quarto-venda-samambaia-sul-samambaia-df-qr-118-1336719,IMÓVEL ASSINADO,190.000,1 Quarto,30 m²,
https://www.dfimoveis.com.br/imovel/apartamento-3-quartos-venda-samambaia-sul-samambaia-df-quadra-102-950334,ASSINADO PAULO OCTÁVIO,630.429,3 Quartos,71 m²,1 Vaga
https://www.dfimoveis.com.br/imovel/lancamento-singulare-home-riva-1286142,"Quadra 301 Conjunto 8 SAMAMBAIA SUL, SAMAMBAIA",Sob Consulta,,49 a 54 m²,
https://www.dfimoveis.com.br/imovel/apartamento-3-quartos-venda-samambaia-sul-samambaia-df-quadra-101-conjunto-3-1333003,ASSINADO VIVA ARQUITETURA,475.000,3 Quartos,69 m²,1 Vaga
https://www.dfimoveis.com.br/imovel/apartamento-2-quartos-venda-samambaia-norte-samambaia-df-qr-212-1344437,IMÓVEL ASSINADO,345.000,2 Quartos,49 m²,1 Vaga
https://www.dfimoveis.com.br/imovel/apartamento-2-quartos-venda-samambaia-norte-samambaia-df-qn-412-conjunto-a-1160914,ASSINADO ARQUITETO,700.000,2 Quartos,115 m²,1 Vaga
https://www.dfimoveis.com.br/imovel/lancamento-chelsea-in-303--1359093,"QS 303 SAMAMBAIA SUL, SAMAMBAIA",360.000,,46 m²,
https://www.dfimoveis.com.br/imovel/apartamento-2-quartos-venda-samambaia-sul-samambaia-df-qn-120-conjunto-2-1306712,ASSINADO MKZARQUITETURA,425.000,2 Quartos,95 m²,2 Vagas
https://www.dfimoveis.com.br/imovel/apartamento-2-quartos-venda-samambaia-norte-samambaia-df-qs-431-1347573,ASSINADO SZERVISNK,199.000,2 Quartos,46 m²,1 Vaga
https://www.dfimoveis.com.br/imovel/apartamento-2-quartos-venda-samambaia-sul-samambaia-df-qs-104-1407066,IMÓVEL ASSINADO,399.667,2 Quartos,51 m²,1 Vaga
https://www.dfimoveis.com.br/imovel/lancamento-max-infinite-1354275,"QR 122 Conjunto 1A SAMAMBAIA SUL, SAMAMBAIA",A partir de 216.902,,33 a 49 m²,
https://www.dfimoveis.com.br/imovel/apartamento-2-quartos-venda-samambaia-norte-samambaia-df-qs-402-1327149,ASSINADO LGA LAMAS ENGENHARIA E ARQUITETURA LTDA,560.000,2 Quartos,60 m²,1 Vaga
https://www.dfimoveis.com.br/imovel/apartamento-2-quartos-venda-samambaia-sul-samambaia-df-qr-120-1416319,IMÓVEL SEGURO,390.000,2 Quartos,52 m²,1 Vaga
https://www.dfimoveis.com.br/imovel/apartamento-2-quartos-venda-samambaia-norte-samambaia-df-qn-614-conjunto-d-1403109,* IMÓVEL SEGURO 24/08/2026,350.000,2 Quartos,54 m²,1 Vaga
https://www.dfimoveis.com.br/imovel/lancamento-max-infinite-947972,"QR 122 Conjunto 1 SAMAMBAIA SUL, SAMAMBAIA",A partir de 214.900,,32 a 49 m²,
https://www.dfimoveis.com.br/imovel/apartamento-2-quartos-venda-samambaia-norte-samambaia-df-qi-416-1323066,* IMÓVEL SEGURO 23/08/2026,350.000,2 Quartos,53 m²,1 Vaga
https://www.dfimoveis.com.br/imovel/apartamento-3-quartos-venda-samambaia-sul-samambaia-df-quadra-102-conjunto-2-1380867,* IMÓVEL SEGURO 07/08/2026,679.000,3 Quartos,87 m²,2 Vagas
https://www.dfimoveis.com.br/imovel/apartamento-2-quartos-venda-samambaia-sul-samambaia-df-qs-308-conjunto-5-1377116,* IMÓVEL SEGURO 06/08/2026,490.000,2 Quartos,77 m²,1 Vaga
https://www.dfimoveis.com.br/imovel/lancamento-chelsea-in-303--1368889,"QS 303 SAMAMBAIA SUL, SAMAMBAIA",230.000,,28 m²,
https://www.dfimoveis.com.br/imovel/apartamento-3-quartos-venda-samambaia-sul-samambaia-df-qs-501-1226384,* IMÓVEL SEGURO 05/03/2026,390.000,3 Quartos,63 m²,1 Vaga
https://www.dfimoveis.com.br/imovel/apartamento-2-quartos-venda-samambaia-sul-samambaia-df-quadra-102-conjunto-2-1240818,* IMÓVEL SEGURO 09/11/2025,565.000,2 Quartos,70 m²,1 Vaga
https://www.dfimoveis.com.br/imovel/apartamento-3-quartos-venda-samambaia-norte-samambaia-df-quadra-202-conjunto-2-1376961,IMÓVEL SEGURO,485.000,3 Quartos,69 m²,1 Vaga
https://www.dfimoveis.com.br/imovel/lancamento-chelsea-in-303--1359105,"QS 303 SAMAMBAIA SUL, SAMAMBAIA",690.000,,91 m²,
https://www.dfimoveis.com.br/imovel/apartamento-3-quartos-venda-samambaia-sul-samambaia-df-qr-506-conjunto-4-1407038,IMÓVEL SEGURO,305.000,3 Quartos,112 m²,2 Vagas
https://www.dfimoveis.com.br/imovel/apartamento-3-quartos-venda-samambaia-sul-samambaia-df-qs-303-conjunto-3-1205922,* IMÓVEL SEGURO 30/07/2026,299.999,3 Quartos,54 m²,1 Vaga
https://www.dfimoveis.com.br/imovel/apartamento-2-quartos-venda-samambaia-sul-samambaia-df-qn-303-conjunto-1-1363245,* IMÓVEL SEGURO 01/07/2026,280.000,2 Quartos,49 m²,1 Vaga
https://www.dfimoveis.com.br/imovel/lancamento-sh-paradiso--qn-307-1256238,"QN 307 Conjunto 2 SAMAMBAIA SUL, SAMAMBAIA",292.500,,47 m²,
https://www.dfimoveis.com.br/imovel/apartamento-2-quartos-venda-samambaia-sul-samambaia-df-qr-108-conjunto-6-1341623,* IMÓVEL SEGURO 28/05/2026,299.000,2 Quartos,52 m²,1 Vaga
https://www.dfimoveis.com.br/imovel/apartamento-1-quarto-venda-samambaia-sul-samambaia-df-qr-312-conjunto-4-a-1313166,* IMÓVEL SEGURO 11/04/2026,195.000,1 Quarto,31 m²,1 Vaga
https://www.dfimoveis.com.br/imovel/apartamento-3-quartos-venda-samambaia-sul-samambaia-df-qr-108-conjunto-7-a-1266762,* IMÓVEL SEGURO 26/12/2025,349.950,3 Quartos,63 m²,1 Vaga
https://www.dfimoveis.com.br/imovel/apartamento-2-quartos-venda-samambaia-norte-samambaia-df-qs-421-1245889,* IMÓVEL SEGURO 12/12/2025,230.000,2 Quartos,45 m²,1 Vaga
https://www.dfimoveis.com.br/imovel/apartamento-3-quartos-venda-samambaia-sul-samambaia-df-quadra-302-conjunto-3-612558,SUPER DESTAQUE,520.000,3 Quartos,68 m²,2 Vagas
https://www.dfimoveis.com.br/imovel/apartamento-3-quartos-venda-samambaia-sul-samambaia-df-quadra-102-conjunto-2-1382385,SUPER DESTAQUE,585.000,3 Quartos,70 m²,2 Vagas
