link,subtitulo
https://www.dfimoveis.com.br/imovel/apartamento-2-quartos-venda-taguatinga-norte-taguatinga-df-sagoca-1351720,"48M², 2 QUARTOS, GARAGEM, VISTA LIVRE, LAZER COMPLETO, RESIDENCIAL ESPLANADA - R$ 270.000"
https://www.dfimoveis.com.br/imovel/apartamento-3-quartos-venda-setor-industrial-taguatinga-df-qi-3-1385103,APARTAMENTO 3 QUARTOS - ALTOS DE TAGUATINGA II - TAGUATINGA NORTE
https://www.dfimoveis.com.br/imovel/apartamento-2-quartos-venda-taguatinga-norte-taguatinga-df-qnl-8-conjunto-d-1383124,63 M2 APARTAMENTO 2 QUARTOS 1 VAGA ACEITA FINANCIAMENTO ACEITA FGTS QNL 08 BLOCO D
https://www.dfimoveis.com.br/imovel/apartamento-2-quartos-venda-setor-industrial-taguatinga-df-qi-3-1109447,TAGUATINGA / COBERTURA / 2 QUARTOS / 61
https://www.dfimoveis.com.br/imovel/apartamento-3-quartos-venda-setor-industrial-taguatinga-df-qi-24-1404381,APARTAMENTO COBERTURA NO TOP LIFE TAGUATINGA 3 QUARTOS VISTA LIVRE CHURRASQUERIA ESPAÇOSA
https://www.dfimoveis.com.br/imovel/apartamento-1-quarto-venda-taguatinga-sul-taguatinga-df-csa-1-1351000,"40M², MOBILIADO, VARANDA, PRÓXIMO AO TAGUATINGA SHOPPING, LUCAS NASCIMENTO - R$: 330.000"
https://www.dfimoveis.com.br/imovel/apartamento-2-quartos-venda-taguatinga-norte-taguatinga-df-cnb-3-1218777,"63M², 2 QTOS, SUÍTE, ANDAR ALTO, VISTA LIVRE, GARAGEM, RES. MONDRIAN, CNB 3 - R$: 510.000"
https://www.dfimoveis.com.br/imovel/apartamento-3-quartos-venda-taguatinga-norte-taguatinga-df-cnb-5-1366932,3 QUARTOS | 80M | VISTA LIVRE
https://www.dfimoveis.com.br/imovel/apartamento-2-quartos-venda-setor-industrial-taguatinga-df-qi-3-1409137,"52M², 2 QUARTOS, SUÍTE, GARAGEM, LAZER, À VENDA POR R$: 365.000 E ACEITA FINANCIAMENTO"
https://www.dfimoveis.com.br/imovel/apartamento-1-quarto-venda-taguatinga-sul-taguatinga-df-csg-3-1289116,CONDOMÍNIO CLUBE COM SERVIÇOS DE HOTELARIA
https://www.dfimoveis.com.br/imovel/apartamento-2-quartos-venda-taguatinga-norte-taguatinga-df-cnb-8-1407914,"APARTAMENTO DE 75M² COM 03 QUARTOS, VISTA LIVRE E VAGA | TAGUATINGA NORTE - BRASÍLIA/DF"
https://www.dfimoveis.com.br/imovel/apartamento-2-quartos-venda-taguatinga-norte-taguatinga-df-cnb-6-1295995,CNB 6 EDIFÍCIO DONA IZOLETA | APARTAMENTO 2 QUARTOS EM ANDAR ALTO - ARAMRIOS - ACEITA FINANCIAMENTO
https://www.dfimoveis.com.br/imovel/apartamento-3-quartos-venda-taguatinga-norte-taguatinga-df-st-area-especiais-setor-c-norte-1169071,QNC 1 PARADISO CLUB RESIDENCE | APARTAMENTO COM 3 QUARTOS - SENDO 1 SUÍTE - 1 VAGA - ÁREA DE LAZER -
https://www.dfimoveis.com.br/imovel/apartamento-3-quartos-venda-setor-industrial-taguatinga-df-qi-3-1411994,TAGUATINGA NORTE
https://www.dfimoveis.com.br/imovel/apartamento-3-quartos-venda-taguatinga-norte-taguatinga-df-qna-42-1377252,APARTAMENTO À VENDA COM 3 QUARTOS EM TAGUATINGA NORTE
https://www.dfimoveis.com.br/imovel/apartamento-1-quarto-venda-taguatinga-centro-taguatinga-df-quadra-c-7-1374008,APARTAMENTO LYJANE TINOCO TAGUATINGA CENTRO 1 QUARTO ANDAR ALTO VAGA COBERTA PISCINA VISTA LIVRE
https://www.dfimoveis.com.br/imovel/apartamento-2-quartos-venda-taguatinga-norte-taguatinga-df-cnb-12-799205,"CNB 12, RES. CÉSAR ACCIOLY, APTO DE 55M², 2 QTOS, SUÍTE, VARANDA, GARAGEM - R$: 434.000"
https://www.dfimoveis.com.br/imovel/apartamento-3-quartos-venda-taguatinga-sul-taguatinga-df-csb-10-1337202,"APARTAMENTO 3 DORMITÓRIOS COM 2 SUÍTE EM TAGUATINGA SUL, BRASÍLIA - VENDA COM FINANCIAMENTO"
https://www.dfimoveis.com.br/imovel/apartamento-2-quartos-venda-taguatinga-norte-taguatinga-df-cnd-4-1187540,"APARTAMENTO À VENDA COM 2 QUARTOS NA CND 4 - TAGUATINGA NORTE, PRAÇA DO BICALHO"
https://www.dfimoveis.com.br/imovel/apartamento-3-quartos-venda-taguatinga-norte-taguatinga-df-cnb-3-1124149,
https://www.dfimoveis.com.br/imovel/apartamento-1-quarto-venda-taguatinga-sul-taguatinga-df-csg-3-1125884,COBERTURA COM PISCINA PRIVATIVA NO TAGUA LIFE
https://www.dfimoveis.com.br/imovel/apartamento-2-quartos-venda-taguatinga-norte-taguatinga-df-cnb-01-lote-03-1130247,"APARTAMENTO PARA VENDA COM 02 QUARTOS, VAGA DE GARAGEM NO EDIFÍCIO MAGASA II EM TAGUATINGA"
https://www.dfimoveis.com.br/imovel/apartamento-3-quartos-venda-taguatinga-norte-taguatinga-df-cnb-1-1157861,"APARTAMENTO DE 3 QUARTOS (1 SUÍTE), 2 BANHEIROS, 13° ANDAR, 82M² NO RESIDENCIAL CARRARA - TAGUATINGA"
https://www.dfimoveis.com.br/imovel/apartamento-3-quartos-venda-taguatinga-sul-taguatinga-df-csb-6-1408422,"59M², 2 QUARTOS + DCE, GARAGEM, VISTA LIVRE, EDIFÍCIO VIA BELLA - R$: 380.000 - FINANCIA"
https://www.dfimoveis.com.br/imovel/apartamento-4-quartos-venda-taguatinga-sul-taguatinga-df-csa-1-1407957,
https://www.dfimoveis.com.br/imovel/apartamento-3-quartos-venda-taguatinga-norte-taguatinga-df-qnl-11-1357439,OPORTUNIDADE!!!
https://www.dfimoveis.com.br/imovel/apartamento-3-quartos-venda-taguatinga-norte-taguatinga-df-qnl-7-1370543,"78M², 3 QTOS, GARAGEM, AO LADO DA FEIRA PERMANENTE, QNL 7 R$ 279.000 ACEITA FINANCIAMENTO"
https://www.dfimoveis.com.br/imovel/apartamento-2-quartos-venda-taguatinga-sul-taguatinga-df-csg-3-1373782,
https://www.dfimoveis.com.br/imovel/apartamento-2-quartos-venda-setor-industrial-taguatinga-df-qi-24-1369008,APARTAMENTO MOBILIADO DE 02 QUARTOS NO RESIDENCIAL TOP LIFE MIAMI BEACH.
https://www.dfimoveis.com.br/imovel/apartamento-2-quartos-venda-setor-industrial-taguatinga-df-qi-24-1411558,"EXCELENTE OPORTUNIDADE, PRA MORAR OU INVESTIR"
https://www.dfimoveis.com.br/imovel/apartamento-1-quarto-venda-taguatinga-sul-taguatinga-df-csg-3-1371790,
https://www.dfimoveis.com.br/imovel/apartamento-2-quartos-venda-taguatinga-norte-taguatinga-df-cnb-10-1410104,
https://www.dfimoveis.com.br/imovel/apartamento-3-quartos-venda-setor-industrial-taguatinga-df-qi-3-1404969,APARTAMENTO DE 3 QUARTOS SENDO 1 SUÍTE EM TAGUATINGA
https://www.dfimoveis.com.br/imovel/apartamento-2-quartos-venda-setor-industrial-taguatinga-df-qi-24-1419346,"MAGNÍFICO APARTAMENTO, REFORMADÍSSIMO EM FINO ACABAMENTO."
https://www.dfimoveis.com.br/imovel/apartamento-2-quartos-venda-taguatinga-norte-taguatinga-df-setor-sagoca-lote-2---residencial-esplanada-1413248,APARTAMENTO DE 2 QUARTOS NO RESIDENCIAL ESPLANADA EM TAGUATINGA
https://www.dfimoveis.com.br/imovel/apartamento-3-quartos-venda-taguatinga-norte-taguatinga-df-qnj-58-1411556,"EXCELENTE OPORTUNIDADE, PRA MORAR OU INVESTIR"
https://www.dfimoveis.com.br/imovel/apartamento-2-quartos-venda-setor-industrial-taguatinga-df-qi-24-1419284,"TOP LIFE, MIAMI BEACH | TAGUATINGA | 54M² | 2 QUARTOS, 1 SUÍTE | GARAGEM | PLANEJADO E REFORMADO"
https://www.dfimoveis.com.br/imovel/apartamento-1-quarto-venda-taguatinga-sul-taguatinga-df-csg-3-1358101,CONDOMÍNIO CLUBE COM SERVIÇOS DE HOTELARIA
https://www.dfimoveis.com.br/imovel/apartamento-2-quartos-venda-setor-industrial-taguatinga-df-qi-24-1323953,
https://www.dfimoveis.com.br/imovel/apartamento-4-quartos-venda-taguatinga-norte-taguatinga-df-qna-39-1384985,138 M2 | REFORMADO | VAZADO | 2 VAGAS | FRENTE AO TAGUAPARQUE
https://www.dfimoveis.com.br/imovel/apartamento-2-quartos-venda-taguatinga-sul-taguatinga-df-qsf-1-area-especial-6-7-8-1329034,ACEITA PERMUTA - CARRO DE MENOR VALOR
https://www.dfimoveis.com.br/imovel/apartamento-2-quartos-venda-taguatinga-sul-taguatinga-df-qsf-1-area-especial-6-7-8-1417254,
https://www.dfimoveis.com.br/imovel/apartamento-3-quartos-venda-taguatinga-centro-taguatinga-df-quadra-c-2-1206865,"86M², 2 QUARTOS COM ARMÁRIOS + DCE, A 550M DO METRÔ, EDIFÍCIO THEODORA, C 2 - R$: 295.000"
https://www.dfimoveis.com.br/imovel/apartamento-2-quartos-venda-taguatinga-norte-taguatinga-df-qnc-1-1368627,
https://www.dfimoveis.com.br/imovel/apartamento-3-quartos-venda-taguatinga-sul-taguatinga-df-csa-3-1333089,AMPLO APARTAMENTO DE CANTO
https://www.dfimoveis.com.br/imovel/apartamento-1-quarto-venda-taguatinga-sul-taguatinga-df-csg-3-1407981,APARTAMENTO DE 1 QUARTO COM 62 M² NO TAGUA LIFE CENTER EM TAGUATINGA
https://www.dfimoveis.com.br/imovel/apartamento-2-quartos-venda-taguatinga-norte-taguatinga-df-qnc-1-area-especial-19-1363919,"EXCELENTE LOCALIZAÇÃO, CONDOMÍNIO SEGURO E ORGANIZADO."
https://www.dfimoveis.com.br/imovel/apartamento-2-quartos-venda-taguatinga-sul-taguatinga-df-csb-9-1419831,
https://www.dfimoveis.com.br/imovel/apartamento-2-quartos-venda-taguatinga-norte-taguatinga-df-cnb-10-lote-14-1371070,LOCALIZAÇÃO
https://www.dfimoveis.com.br/imovel/apartamento-2-quartos-venda-taguatinga-norte-taguatinga-df-sagoca-1385258,2 QUARTOS REFORMADO COM ARMÁRIOS PLANEJADOS
https://www.dfimoveis.com.br/imovel/apartamento-3-quartos-venda-taguatinga-sul-taguatinga-df-csb-3-1402908,APARTAMENTO PARA VENDA 03 QUARTOS EM TAGUATINGA SUL CSB 03 RESIDENCIAL CARAVÁGIO PRÓXIMO AO METRÔ
https://www.dfimoveis.com.br/imovel/apartamento-2-quartos-venda-taguatinga-norte-taguatinga-df-qnl-17-1185053,"TAGUATINGA, QNL 17, EXCELENTE APARTAMENTO 2 QUARTOS COM SUÍTE! AGENDE SUA VISITA!"
https://www.dfimoveis.com.br/imovel/apartamento-2-quartos-venda-taguatinga-norte-taguatinga-df-cnb-6-485996,"APARTAMENTO RESIDENCIAL À VENDA, TAGUATINGA NORTE, TAGUATINGA - AP0100."
https://www.dfimoveis.com.br/imovel/apartamento-3-quartos-venda-taguatinga-norte-taguatinga-df-setor-sagoca-lote-4---residencial-itamaraty-1361081,SAGOCA - 3 QUARTOS (1 SUÍTE) - 01 VAGA DE GARAGEM - ANDAR ALTO.
https://www.dfimoveis.com.br/imovel/apartamento-1-quarto-venda-taguatinga-sul-taguatinga-df-csg-3-505985,"VISTA INCRÍVEL , REFORMA DE BOM GOSTO ,ANDAR ALTO, AUTOMATIZADO."
https://www.dfimoveis.com.br/imovel/apartamento-2-quartos-venda-setor-industrial-taguatinga-df-qi-24-1345106,LOCALIZAÇÃO EXCELENTE COM VISTA LIVRE
https://www.dfimoveis.com.br/imovel/apartamento-2-quartos-venda-setor-industrial-taguatinga-df-qi-24-lotes-1-a-13-1411560,"EXCELENTE OPORTUNIDADE, PRA MORAR OU INVESTIR"
https://www.dfimoveis.com.br/imovel/apartamento-3-quartos-venda-setor-industrial-taguatinga-df-qi-3-1418515,ANDAR ALTO
https://www.dfimoveis.com.br/imovel/apartamento-2-quartos-venda-taguatinga-sul-taguatinga-df-csg-3-1404136,
https://www.dfimoveis.com.br/imovel/apartamento-1-quarto-venda-taguatinga-sul-taguatinga-df-csa-1-1404317,
https://www.dfimoveis.com.br/imovel/apartamento-2-quartos-venda-taguatinga-norte-taguatinga-df-cnb-6-1405658,MOBILIADO
https://www.dfimoveis.com.br/imovel/apartamento-2-quartos-venda-setor-industrial-taguatinga-df-qi-24-1368153,"45M², 2 QUARTOS, ARMÁRIOS, GARAGEM, LAZER COMPLETO, RES. MIAMI BEACH - R$: 310.000"
https://www.dfimoveis.com.br/imovel/apartamento-2-quartos-venda-taguatinga-sul-taguatinga-df-qsf-1-1411643,"APARTAMENTO COM 2 DORMITÓRIOS À VENDA, 60 M² POR R$ 550.000,00 - TAGUATINGA SUL - TAGUATINGA/DF"
https://www.dfimoveis.com.br/imovel/apartamento-2-quartos-venda-setor-industrial-taguatinga-df-qi-24-1385183,"COBERTURA NO TOP LIFE LONG BEACH, COM 2 QUARTOS, 2 VAGAS E LAZER COMPLETO"
https://www.dfimoveis.com.br/imovel/apartamento-1-quarto-venda-taguatinga-sul-taguatinga-df-csg-3-1214300,CSG 3. TAGUA LIFE COBERTURA
https://www.dfimoveis.com.br/imovel/apartamento-2-quartos-venda-taguatinga-norte-taguatinga-df-qnl-17-bloco-d-1419501,APARTAMENTO 2 QUARTOS EDIFÍCIO SAINT JAMES
https://www.dfimoveis.com.br/imovel/apartamento-3-quartos-venda-taguatinga-sul-taguatinga-df-csb-7-1301557,VISTA LIVRE PEMANENTE ANDA ALTO E REFORMADO
https://www.dfimoveis.com.br/imovel/apartamento-2-quartos-venda-taguatinga-norte-taguatinga-df-qnl-12-bloco-a-1285519,PRÓXIMO AO COMÉRCIO LOCAL E PARADA DE ÔNIBUS
https://www.dfimoveis.com.br/imovel/apartamento-2-quartos-venda-setor-industrial-taguatinga-df-qi-24-lotes-14-a-27-1418299,RESIDENCIAL TOP LIFE LONG BEACH - APARTAMENTO 2 QUARTOS 1 SUÍTE - ARMÁRIOS PLANEJADOS
https://www.dfimoveis.com.br/imovel/apartamento-4-quartos-venda-taguatinga-norte-taguatinga-df-area-de-chacara-s-1339291,CASA COM 4 QUARTOS COMPLETA E AMPLA COM LAZER COMPLETO
https://www.dfimoveis.com.br/imovel/apartamento-2-quartos-venda-taguatinga-norte-taguatinga-df-qnb-5-1332635,
https://www.dfimoveis.com.br/imovel/apartamento-1-quarto-venda-taguatinga-sul-taguatinga-df-csa-1-1402353,"APARTAMENTO 1 QUARTO REFORMADO COM LAZER, RESIDENCIAL LUCAS NASCIMENTO - TAGUATINGA SUL"
https://www.dfimoveis.com.br/imovel/apartamento-2-quartos-venda-taguatinga-sul-taguatinga-df-csg-3-1265951,"APARTAMENTO 2 QUARTO, 64M², VARANDA GOURMET - RESIDENCIAL TAGUA LIFE, TAGUATINGA SUL"
https://www.dfimoveis.com.br/imovel/apartamento-2-quartos-venda-taguatinga-norte-taguatinga-df-cnb-6-1373086,
https://www.dfimoveis.com.br/imovel/apartamento-2-quartos-venda-taguatinga-sul-taguatinga-df-csb-4-1410534,EDIFÍCIO SAINT ETIENNE II - APARTAMENTO - 2 QUARTOS - REFORMADO - VISTA LIVRE
https://www.dfimoveis.com.br/imovel/apartamento-4-quartos-venda-taguatinga-norte-taguatinga-df-cnb-12-799204,"CNB 12, RES CÉSAR ACCIOLY, APTO DE 107M², 4 QTS, 2 SUÍTES, VARANDA, 2 VAGAS R$ 890.410,00"
https://www.dfimoveis.com.br/imovel/apartamento-3-quartos-venda-taguatinga-norte-taguatinga-df-cnb-2-1291008,"68M², 3 QUARTOS, SUÍTE, GARAGEM, PRÓXIMO AO METRÔ, RES. LUMA ACCIOLY, CNB 2 - R$: 480.000"
https://www.dfimoveis.com.br/imovel/apartamento-2-quartos-venda-taguatinga-norte-taguatinga-df-cnb-10-1257746,"APARTAMENTO COM 2 QUARTOS, ARMÁRIOS E VAGA COBERTA À VENDA NA CNB 10 - TAGUATINGA NORTE"
https://www.dfimoveis.com.br/imovel/apartamento-4-quartos-venda-taguatinga-norte-taguatinga-df-cnb-8-1416133,"151M², 3 QUARTOS, SUÍTE + QUARTO DE EMPGREGADA, 270M DA BLUEFIT - R$: 550.000 - FINANCIA"
https://www.dfimoveis.com.br/imovel/apartamento-3-quartos-venda-taguatinga-norte-taguatinga-df-sagoca-1419888,
https://www.dfimoveis.com.br/imovel/apartamento-2-quartos-venda-setor-industrial-taguatinga-df-qi-24-lotes-1-a-13-1290794,COBERTURA NO MIAMI BEACH TOP LIFE TAGUATINGA | 2 QUARTOS | 2 VAGAS| ACEITA FINANCIAMENTO E FGTS
https://www.dfimoveis.com.br/imovel/apartamento-3-quartos-venda-taguatinga-norte-taguatinga-df-qnl-1-bloco-c-1296987,APARTAMENTO PARA VENDA COM 3 QUARTOS E VAGA DE GARAGEM NA QNL 1 - TAGUATINGA NORTE
https://www.dfimoveis.com.br/imovel/apartamento-4-quartos-venda-taguatinga-norte-taguatinga-df-cnb-10-1406036,COBERTURA DUPLEX NA CNB 10 - TAGUATINGA
https://www.dfimoveis.com.br/imovel/apartamento-2-quartos-venda-setor-industrial-taguatinga-df-qi-24-1400130,
https://www.dfimoveis.com.br/imovel/apartamento-2-quartos-venda-taguatinga-norte-taguatinga-df-cnb-14-lote-02-1225563,EXCELENTE LOCALIZAÇÃO FRENTE NASCENTE COMÉRCIO LOCAL SESC ETC
https://www.dfimoveis.com.br/imovel/apartamento-2-quartos-venda-taguatinga-norte-taguatinga-df-qnl-8-bloco-b-1268374,
https://www.dfimoveis.com.br/imovel/apartamento-1-quarto-venda-taguatinga-sul-taguatinga-df-csg-3-1176679,IMPECÁVEL
https://www.dfimoveis.com.br/imovel/apartamento-2-quartos-venda-taguatinga-centro-taguatinga-df-quadra-c-1-1409045,TAGUAPARQUE TAGUATINGA CENTRO 2 QUARTOS VARANDA
https://www.dfimoveis.com.br/imovel/apartamento-3-quartos-venda-taguatinga-norte-taguatinga-df-qnc-1-1333585,
https://www.dfimoveis.com.br/imovel/apartamento-2-quartos-venda-taguatinga-norte-taguatinga-df-qnl-9-bloco-b-1293584,QNL 9 EDIFICIO MAR ADRIATRICO | APARTAMENTO 2 QUARTOS BANHEIRO SOCIAL COM ARMÁRIOS COM 1 VAGA DE GAR
https://www.dfimoveis.com.br/imovel/apartamento-3-quartos-venda-taguatinga-norte-taguatinga-df-sagoca-1406779,RESIDENCIAL JK - APARTAMENTO - 3 QUARTOS - TAGUATINGA - NASCENTE - 62 M - AREA DE LAZER
https://www.dfimoveis.com.br/imovel/apartamento-2-quartos-venda-setor-industrial-taguatinga-df-qi-24-1373384,TOP LIFE MIAMI BEACH | COBERTURA | 104M²; | JACUZZI PRIVATIVA
https://www.dfimoveis.com.br/imovel/apartamento-3-quartos-venda-taguatinga-norte-taguatinga-df-cnb-2-1403807,"69M², 3 QUARTOS, SUÍTE, GARAGEM, LAZER, PRÓXIMO A ESTAÇÃO PRAÇA DO RELÓGIO - R$: 480.000"
https://www.dfimoveis.com.br/imovel/apartamento-2-quartos-venda-setor-industrial-taguatinga-df-qi-24-1328275,EXCLUSIVIDADE NO RESIDENCIAL MIAMI BEACH | 02 QUARTOS | NASCENTE | ANDAR ALTO
https://www.dfimoveis.com.br/imovel/apartamento-3-quartos-venda-taguatinga-sul-taguatinga-df-csb-7-1342625,APARTAMENTO 3 QUARTOS - SUÍTE - LAZER COMPLETO - RESIDENCIAL VIA BELLA CITTÁ
https://www.dfimoveis.com.br/imovel/kitnet-1-quarto-venda-taguatinga-norte-taguatinga-df-eqnl-1-3-bloco-c-1146636,"APARTAMENTO 1 QUARTO, NASCENTE, 30M² À VENDA NA EQNL 1/3 - TAGUATINGA"
https://www.dfimoveis.com.br/imovel/apartamento-2-quartos-venda-taguatinga-norte-taguatinga-df-cnb-14-lote-02-1199904,CNB 14 PORTO DA BARRA | APARTAMENTO NASCENTE COM 2 QUARTOS - 1 VAGA - TAGUATINGA NORTE
https://www.dfimoveis.com.br/imovel/apartamento-2-quartos-venda-setor-industrial-taguatinga-df-qi-3-1419166,APARTAMENTO COBERTURA À VENDA EM TAGUATINGA QI 03 ACEITA FINANCIAMENTO E FGTS REFORMADO
https://www.dfimoveis.com.br/imovel/apartamento-2-quartos-venda-taguatinga-centro-taguatinga-df-c-07-lote-08-1419567,APARTAMENTO À VENDA COM 2 QUARTOS NO EDIFÍCIO PATRÍCIA - TAGUATINGA CENTRO DF
https://www.dfimoveis.com.br/imovel/apartamento-2-quartos-venda-taguatinga-sul-taguatinga-df-csb-02-lote-08-1383095,EDIFÍCIO BETA II - APARTAMENTO - 2 QUARTOS - 74 M - TAGUATINGA SUL
https://www.dfimoveis.com.br/imovel/apartamento-4-quartos-venda-taguatinga-sul-taguatinga-df-csb-5-1342626,APARTAMENTO 4 QUARTOS - RESIDENCIAL CÁRMENES - TAGUATINGA SUL
https://www.dfimoveis.com.br/imovel/apartamento-2-quartos-venda-taguatinga-sul-taguatinga-df-qsf-1-area-especial-6-7-8-1419925,
https://www.dfimoveis.com.br/imovel/apartamento-1-quarto-venda-taguatinga-centro-taguatinga-df-setor-hoteleiro-1377253,"APART HOTEL DE 1 QUARTO, VISTA LIVRE E NASCENTE - COMFORT HOTEL, TAGUATINGA/DF"
https://www.dfimoveis.com.br/imovel/apartamento-3-quartos-venda-setor-industrial-taguatinga-df-qi-3-963046,APARTAMENTO PARA VENDA COM 3 QUARTOS E COM 65M² NO CONDOMÍNIO ALTOS DE TAGUATINGA II EM TAGUATINGA N
https://www.dfimoveis.com.br/imovel/apartamento-3-quartos-venda-taguatinga-norte-taguatinga-df-qnl-1-bloco-c-1282066,EXCELENTE LOCALIZAÇÃO E PRECO IMBATÍVEL
https://www.dfimoveis.com.br/imovel/apartamento-1-quarto-venda-taguatinga-sul-taguatinga-df-csg-3-1363745,RARIDADE EM TAGUATINGA SUL - APARTAMENTO GARDEN TÉRREO NO RESIDENCIAL TAGUALIFE
https://www.dfimoveis.com.br/imovel/apartamento-3-quartos-venda-taguatinga-sul-taguatinga-df-csb-04-lote-06-1161805,EDIFÍCIO NEW RESIDENCE - APARTAMENTO COM 3 QUARTOS SENDO 1 SUÍTE - ACEITA FINANCIAMENTO
https://www.dfimoveis.com.br/imovel/apartamento-3-quartos-venda-taguatinga-norte-taguatinga-df-cnb-10-1339365,"APARTAMENTO COM 3 QUARTOS 83M2º, 2 SUÍTES E LAZER COMPLETO"
https://www.dfimoveis.com.br/imovel/apartamento-3-quartos-venda-taguatinga-centro-taguatinga-df-quadra-c-11-1156454,EDIFICIO ANDRESSA C 11 102M² PRIVATIVOS VISTA LIVRE ELEVADOR GARAGEM 03 QUARTOS SENDO 01 SUÍTE TAGUA
https://www.dfimoveis.com.br/imovel/apartamento-3-quartos-venda-taguatinga-centro-taguatinga-df-quadra-c-5-962579,"APARTAMENTO 3 QUARTOS, VARANDA, NASCENTE À VENDA NA C 5 TAGUATINGA NORTE"
https://www.dfimoveis.com.br/imovel/apartamento-3-quartos-venda-taguatinga-norte-taguatinga-df-cnb-9-1086629,EXCELENTE OPORTUNIDADE!!!
https://www.dfimoveis.com.br/imovel/apartamento-1-quarto-venda-taguatinga-sul-taguatinga-df-csg-3-1365902,COBERTURA NO TAGUA LIFE COM 1 QUARTO PISCINA E CHURRASQUEIRA PRIVATIVAS COM 1 VAGA DE GARAGEM EM TAG
https://www.dfimoveis.com.br/imovel/apartamento-2-quartos-venda-taguatinga-norte-taguatinga-df-cnb-12-1216197,CNB 12 RESIDENCIAL ISABELA ACCIOLY GARDEN | APARTAMENTO 2 QUARTOS SENDO 1 SUÍTE COM 1 VAGA DE GARAG
https://www.dfimoveis.com.br/imovel/apartamento-2-quartos-venda-taguatinga-norte-taguatinga-df-cnb-10-1416180,"VENDE-SE | APARTAMENTO 2 QUARTOS, 80M² EM TAGUATINGA NORTE – BRASÍLIA/DF"
https://www.dfimoveis.com.br/imovel/apartamento-2-quartos-venda-taguatinga-norte-taguatinga-df-cnb-14-lote-02-1406897,TAGUATINGA NORTE 2 QUARTOS 1 VAGA ARMÁRIOS GARAGEM COBERTA SALA AMPLA
https://www.dfimoveis.com.br/imovel/apartamento-2-quartos-venda-taguatinga-norte-taguatinga-df-cnb-01-lote-02-1342476,
https://www.dfimoveis.com.br/imovel/apartamento-2-quartos-venda-taguatinga-norte-taguatinga-df-cnb-6-1417212,OPORTUNIDADE DE NEGÓCIO
https://www.dfimoveis.com.br/imovel/apartamento-2-quartos-venda-taguatinga-norte-taguatinga-df-sagoca-1348123,
https://www.dfimoveis.com.br/imovel/apartamento-3-quartos-venda-taguatinga-centro-taguatinga-df-quadra-c-7-1362939,"70M², 2 QUARTOS, DCE, ANDAR ALTO, A 400M DA ESTAÇÃO PRAÇA DO RELÓGIO - R$: 360.000"
https://www.dfimoveis.com.br/imovel/apartamento-3-quartos-venda-setor-industrial-taguatinga-df-qi-12-1266756,
https://www.dfimoveis.com.br/imovel/apartamento-3-quartos-venda-taguatinga-sul-taguatinga-df-csb-10-1308520,"100M², 3 QUARTOS, SUÍTE, GARAGEM, LAZER COMPLETO, RES. MARIANA, CSB 10 - R$: 850.000"
https://www.dfimoveis.com.br/imovel/apartamento-3-quartos-venda-taguatinga-sul-taguatinga-df-csb-10-1417259,
https://www.dfimoveis.com.br/imovel/apartamento-3-quartos-venda-taguatinga-centro-taguatinga-df-c-05-lote-12-1161260,QUADRA 5 RESIDENCIAL MÔNACO | APARTAMENTO 3 QUARTOS SALA AMPLA E COZINHA COM ARMÁRIOS - PERTO DO MET
https://www.dfimoveis.com.br/imovel/apartamento-2-quartos-venda-taguatinga-centro-taguatinga-df-c-02-lote-19-1357851,"APARTAMENTO À VENDA COM 2 QUARTOS NO EDIFÍCIO THEODORA - C 2 - TAGUPARTAMENTO DESOCUPADO, 2 QUARTOS"
https://www.dfimoveis.com.br/imovel/apartamento-3-quartos-venda-setor-industrial-taguatinga-df-qi-3-1373024,"65M², REFORMADO, 3 QUARTOS, SUÍTE, VARANDA, VISTA LIVRE, ARMÁRIOS - R$ 450.000 - FINANCIA"
https://www.dfimoveis.com.br/imovel/apartamento-2-quartos-venda-taguatinga-centro-taguatinga-df-quadra-c-1-1177014,QUADRA C1 | APARTAMENTO COM 2 QUARTOS - SENDO 1 SUÍTE - 1 VAGA - ÁREA DE LAZER - ACEITA FINANCIAMENT
https://www.dfimoveis.com.br/imovel/apartamento-2-quartos-venda-taguatinga-sul-taguatinga-df-csb-6-1268616,"CSB 6, ED. PEDRO GONTIJO, APTO DE 65M², 2 QUARTOS - R$: 260.000 - ACEITA FINANCIAMENTO"
https://www.dfimoveis.com.br/imovel/apartamento-3-quartos-venda-taguatinga-norte-taguatinga-df-qnl-3-bloco-b-1400705,QNL 03 | ÓTIMO APARTAMENTO REFROMADO - NASCENTE - 3 QUARTOS | TAGUATINGA
https://www.dfimoveis.com.br/imovel/apartamento-2-quartos-venda-taguatinga-norte-taguatinga-df-st-area-especiais-setor-c-norte-1411953,TAGUATINGA NORTE
https://www.dfimoveis.com.br/imovel/apartamento-2-quartos-venda-taguatinga-norte-taguatinga-df-cnb-6-1241918,"APARTAMENTO 2 QUARTOS, 2 SUÍTES, VISTA LIVRE, VAGA DE GARAGEM COBERTA À VENDA NO LÊ QUARTIER BOULEVA"
https://www.dfimoveis.com.br/imovel/apartamento-3-quartos-venda-taguatinga-norte-taguatinga-df-cnd-2-1169679,"APARTAMENTO 3 QUARTOS, VAZADO, VISTA LIVRE À VENDA NA CND 2 - TAGUATINGA"
https://www.dfimoveis.com.br/imovel/apartamento-2-quartos-venda-taguatinga-centro-taguatinga-df-quadra-c-4-1250640,C4 EDIFÍCIO SANTA ISABEL | APARTAMENTO DE 2 QUARTOS 1 BANHEIRO - ACEITA FINANCIAMENTO - TAGUATINGA
https://www.dfimoveis.com.br/imovel/apartamento-3-quartos-venda-taguatinga-sul-taguatinga-df-csb-10-1406092,
https://www.dfimoveis.com.br/imovel/apartamento-2-quartos-venda-taguatinga-norte-taguatinga-df-cnb-5-1162081,EDIFÍCIO HALLEY - APARTAMENTO COM 2 QUARTOS À VENDA - TAGUATINGA NORTE
https://www.dfimoveis.com.br/imovel/apartamento-3-quartos-venda-taguatinga-sul-taguatinga-df-csb-10-1283887,
https://www.dfimoveis.com.br/imovel/apartamento-2-quartos-venda-taguatinga-sul-taguatinga-df-csg-3-1373409,COBERTURA TAGUALIFE - 2 QUARTOS - VISTA LIVRE - TAGUATINGA SUL
https://www.dfimoveis.com.br/imovel/apartamento-2-quartos-venda-setor-industrial-taguatinga-df-qi-24-1410526,APARTAMENTO 2 QUARTOS - TOP LIFE LONG BEACH - COM SUÍTE - TAGUATINGA
https://www.dfimoveis.com.br/imovel/apartamento-3-quartos-venda-taguatinga-centro-taguatinga-df-c-05-lote-06-1238612,C5 | ED PLAZA - 3 QUARTOS - TAGUATINGA
https://www.dfimoveis.com.br/imovel/apartamento-2-quartos-venda-setor-industrial-taguatinga-df-qi-24-1157134,VISTA LIVRE
https://www.dfimoveis.com.br/imovel/apartamento-3-quartos-venda-taguatinga-norte-taguatinga-df-qnl-13-bloco-c-1419926,
https://www.dfimoveis.com.br/imovel/apartamento-2-quartos-venda-taguatinga-norte-taguatinga-df-cnb-6-1381071,"NOVO E MODERNO, LAZER COMPLETO, 2Q 61M2, 2 VAGAS, 495 MIL"
https://www.dfimoveis.com.br/imovel/apartamento-4-quartos-venda-taguatinga-sul-taguatinga-df-csb-10-1404813,
https://www.dfimoveis.com.br/imovel/apartamento-3-quartos-venda-taguatinga-sul-taguatinga-df-eqsd-1-13-1306714,RUA DAS PITANGUEIRAS EDIFÍCIO CHAMONIX VILLAGE | APARTAMENTO 3 QUARTOS SENDO 2 SUÍTES COM 1 VAGA DE
https://www.dfimoveis.com.br/imovel/apartamento-1-quarto-venda-taguatinga-sul-taguatinga-df-csg-3-1419920,
https://www.dfimoveis.com.br/imovel/apartamento-3-quartos-venda-setor-industrial-taguatinga-df-qi-19-1357358,
https://www.dfimoveis.com.br/imovel/apartamento-3-quartos-venda-taguatinga-norte-taguatinga-df-cnb-05-lote-03-1419929,
https://www.dfimoveis.com.br/imovel/apartamento-3-quartos-venda-taguatinga-sul-taguatinga-df-csg-11-1346815,SPAZIO BOULEVARD | REFORMADO | VISTA LIVRE | PLANEJADOS | 1 VAGA
https://www.dfimoveis.com.br/imovel/apartamento-2-quartos-venda-setor-industrial-taguatinga-df-qi-24-1366481,
https://www.dfimoveis.com.br/imovel/apartamento-1-quarto-venda-taguatinga-sul-taguatinga-df-eqsd-1-13-1416483,APARTAMENTO À VENDA NA RUA COPAÍBA CONDOMÍNIO ROSELY GONÇALVES | SEMI MOBILADO APARTAMENTO DE 1 QUA
https://www.dfimoveis.com.br/imovel/apartamento-3-quartos-venda-setor-industrial-taguatinga-df-qi-3-1382743,DE CANTO COM VENTILAÇÃO CRUZADA
https://www.dfimoveis.com.br/imovel/apartamento-3-quartos-venda-taguatinga-sul-taguatinga-df-csb-5-1161499,EDIFÍCIO CARMENES - APARTAMENTO COM 3 QUARTOS SENDO 1 SUÍTE - ACEITA FINANCIAMENTO E FGTS
https://www.dfimoveis.com.br/imovel/apartamento-2-quartos-venda-taguatinga-centro-taguatinga-df-c-07-lote-08-1228737,APARTAMENTO 2 QUARTOS PARA C 07 VENDA TAGUATINGA CENTRO BRASÍLIA
https://www.dfimoveis.com.br/imovel/apartamento-2-quartos-venda-setor-industrial-taguatinga-df-qi-24-lotes-14-a-27-1411578,TOP LIFE LONG BEACH - APARTAMENTO EM...
https://www.dfimoveis.com.br/imovel/apartamento-2-quartos-venda-taguatinga-norte-taguatinga-df-qnc-1-area-especial-19-1327899,"EXCELENTE LOCALIZAÇÃO, LAZER COMPLETO"
https://www.dfimoveis.com.br/imovel/apartamento-2-quartos-venda-setor-industrial-taguatinga-df-qi-24-1414177,PLANEJADOS EM TODOS OS AMBIENTES
https://www.dfimoveis.com.br/imovel/apartamento-2-quartos-venda-taguatinga-sul-taguatinga-df-csb-5-1275977,APARTAMENTO 02 QUARTOS REFORMADO COM VISTA LIVRE E GARAGEM ÓTIMA LOCALIZAÇÃO
https://www.dfimoveis.com.br/imovel/apartamento-1-quarto-venda-taguatinga-sul-taguatinga-df-csa-1-1403739,
https://www.dfimoveis.com.br/imovel/apartamento-3-quartos-venda-taguatinga-norte-taguatinga-df-qnc-1-1375238,
https://www.dfimoveis.com.br/imovel/apartamento-2-quartos-venda-taguatinga-norte-taguatinga-df-setor-sagoca-lote-2---residencial-esplanada-1347989,"SEMI MOBILIADO, EXCELENTE LOCALIZAÇÃO"
https://www.dfimoveis.com.br/imovel/apartamento-2-quartos-venda-taguatinga-sul-taguatinga-df-qsf-1-area-especial-6-7-8-1365559,APTO GARDEN
https://www.dfimoveis.com.br/imovel/apartamento-3-quartos-venda-taguatinga-norte-taguatinga-df-qnl-13-conjunto-e-1411272,
https://www.dfimoveis.com.br/imovel/apartamento-1-quarto-venda-taguatinga-sul-taguatinga-df-csg-3-1090004,
https://www.dfimoveis.com.br/imovel/apartamento-3-quartos-venda-taguatinga-norte-taguatinga-df-cnb-5-485924,"APARTAMENTO COM 3 DORMITÓRIOS À VENDA, 71 M² POR R$ 335.000,00 - TAGUATINGA NORTE - TAGUATINGA/DF"
https://www.dfimoveis.com.br/imovel/apartamento-3-quartos-venda-taguatinga-norte-taguatinga-df-sagoca-1416226,
https://www.dfimoveis.com.br/imovel/apartamento-2-quartos-venda-taguatinga-norte-taguatinga-df-cnb-3-1238829,
https://www.dfimoveis.com.br/imovel/apartamento-2-quartos-venda-taguatinga-sul-taguatinga-df-csa-03-lote-19-1099078,"SEGURANÇA 24 HORAS, EXCELENTE LOCALIZAÇÃO E BELÍSSIMA VISTA"
https://www.dfimoveis.com.br/imovel/apartamento-3-quartos-venda-taguatinga-norte-taguatinga-df-qnl-3-bloco-b-1399963,EXCELENTE LOCALIZAÇÃO
https://www.dfimoveis.com.br/imovel/apartamento-2-quartos-venda-taguatinga-norte-taguatinga-df-qnl-19-bloco-d-1407892,OPORTUNIDADE DE INVESNTIMENTO!
https://www.dfimoveis.com.br/imovel/apartamento-3-quartos-venda-setor-industrial-taguatinga-df-qi-12-1350052,
https://www.dfimoveis.com.br/imovel/apartamento-2-quartos-venda-setor-industrial-taguatinga-df-qi-11-1319825,IMOVEL COM 2 ANOS DE USO
https://www.dfimoveis.com.br/imovel/apartamento-2-quartos-venda-taguatinga-norte-taguatinga-df-qnl-4-bloco-d-1369476,
